ʔ b i n	b i n
qˤ i θ θ ʔ	qˤ θ ʔ
ʃ a d	ɬ a d a w
d i m ʕ	d m ʕ a t
b r	b u r ʕ
x tˤ tˤ	x tˤ tˤ
n w m	n w m
m r	m u h r
ħ i tˤ tˤ t	ħ i n tˤ a t
ð i ʔ b	ð i ʔ b
ʔ ʃ d	ʔ i ʃ d
ɬ j b	ɬ j b
b qˤ l	b qˤ l
ʃ m ʕ	ʃ m ʕ
s s	s aː
ħ b	ħ u b b
ʔ r ʕ	r ʕ w
k m	k m a
ɬˤ r tˤ	ɬˤ r tˤ
g b ʃ	g b ʃ
r k b	r k b
p a r r	p a r r
b a ʕ l t	b ʕ l
l a θ ɣ	l a θ a ɣ
θˤ i l l	θˤ i l l
ħ l qˤ	ħ l qˤ
l b x	l i
l	l aː
ʃ tˤ r	ʃ tˤ r
p ʔ ʃ	p a ʔ ʃ
ħ m tˤ tˤ	ħ m tˤ
b k j	b k j
qˤ r sˤ l l	qˤ r s
ʃ i n n	ʃ i n n
p r k	p r k
n a b l t	n a b i l a t
ʃ p p	ʃ p p
p ħ l	p a ħ l
ɬ j x	ɬ j x
p l ʃ	p l ʃ
tˤ r d	tˤ r d
k a b	k a b ɬ
l p ʔ	l p ʔ
ɬ a m ʃ	ɬ a m ʃ
ʃ m	ʔ m
θ n	θ n
qˤ a qˤ a	qˤ a ʔ
p r ʕ	p r ʕ
x l qˤ	x l qˤ
m r r	m r r
g b b	g a b b
n ʕ m	n u
ʕ a r ʕ a r	ʕ a r ʕ a r
m ʕ j	m ʕ a j
ʕ a qˤ i b	ʕ a qˤ i b
ħ m r	ħ m r
b k	b i k a j
x l	x aː l a t
p ʕ m	p a ʕ m
d i b ʃ	d i b ʃ
ʃ	ʔ i ʃ
t i b n	t i b n
w b i l	w aː b i l
qˤ u d m	qˤ d m
ħ m n t	ħ m m
ħ i b r	ħ b r
k l j t	k l j a t
b r r	b r r
ɬˤ n	ɬˤ a ʔ n
b a r qˤ	b a r a qˤ
a r	ʔ a r m
ð a k a r	ð a k a r
ħ i m t	ħ i m a t
θˤ h r	θˤ a h r
k r b	k r b
t x x	t x x
k b s	k b s
